broj_naloga;broj_stavke;datum_knjizenja;konto;naziv_konta;tip_dokumenta;lokalni_dokument;vezni_dokument;datum_dokumenta;komitent;naziv_komitenta;duguje;potrazuje;otvoreni_iznos;opis_knjizenja;organizacijska_jedinica;mjesto_troska;deviza;tecaj_valute;duguje_devizno;potrazuje_devizno;dev_otvoreno;rok_placanja_u_danima;osoba;valuta_datum;prezime_i_ime;sablona;tip_sablone;datum_poslovnog_dogadjaja
2;1;13.10.2020;1200;Potraživanja od kupaca za prodana dobra;IFAN;2;440912-102;24.01.2020;000102;MOLA USLUGE D.O.O.;      10.134,70;           0,00;           0,00;Izl.rn. 2/VAS/6;00001;;001;    1,00000000;      10.134,70;           0,00;           0,00;;;24.01.2020;;    85;  1;24.01.2020
2;2;13.10.2020;7500;Prihodi od prodaje usluga i najma;IFAN;2;2;24.01.2020;;;           0,00;      10.134,70;     -10.134,70;Izl.rn. 2/VAS/6;00001;;001;    1,00000000;           0,00;      10.134,70;     -10.134,70;;;24.01.2020;;    85;  1;24.01.2020
2;3;13.10.2020;1200;Potraživanja od kupaca za prodana dobra;IFAN;5;440913-101;12.02.2020;000101;Geo optima d.o.o.;       3.260,25;           0,00;           0,00;Izl.rn. 3/VAS/6;00001;;001;    1,00000000;       3.260,25;           0,00;           0,00;;;12.02.2020;;    85;  1;12.02.2020
2;4;13.10.2020;7500;Prihodi od prodaje usluga i najma;IFAN;5;5;12.02.2020;;;           0,00;       3.260,25;      -3.260,25;Izl.rn. 3/VAS/6;00001;;001;    1,00000000;           0,00;       3.260,25;      -3.260,25;;;12.02.2020;;    85;  1;12.02.2020
2;5;13.10.2020;1200;Potraživanja od kupaca za prodana dobra;IFAN;24;440914-103;25.03.2020;000103;Matko Boriæ;      24.000,00;           0,00;           0,00;Izl.rn. 4/VAS/6;00001;;001;    1,00000000;      24.000,00;           0,00;           0,00;;;25.03.2020;;    85;  1;25.03.2020
2;6;13.10.2020;7500;Prihodi od prodaje usluga i najma;IFAN;24;24;25.03.2020;;;           0,00;      24.000,00;     -24.000,00;Izl.rn. 4/VAS/6;00001;;001;    1,00000000;           0,00;      24.000,00;     -24.000,00;;;25.03.2020;;    85;  1;25.03.2020
2;7;13.10.2020;1200;Potraživanja od kupaca za prodana dobra;IFAN;6;440916-103;25.03.2020;000103;Matko Boriæ;      24.000,00;           0,00;      24.000,00;Izl.rn. 5/vas/6;00001;;001;    1,00000000;      24.000,00;           0,00;      24.000,00;;;25.03.2020;;    85;  1;25.03.2020
2;8;13.10.2020;7500;Prihodi od prodaje usluga i najma;IFAN;6;6;25.03.2020;;;           0,00;      24.000,00;     -24.000,00;Izl.rn. 5/vas/6;00001;;001;    1,00000000;           0,00;      24.000,00;     -24.000,00;;;25.03.2020;;    85;  1;25.03.2020
2;9;13.10.2020;1200;Potraživanja od kupaca za prodana dobra;IFAN;7;440917-101;18.03.2020;000101;Geo optima d.o.o.;       3.432,36;           0,00;           0,00;Izl.rn. 6/VAS/6;00001;;001;    1,00000000;       3.432,36;           0,00;           0,00;;;18.03.2020;;    85;  1;18.03.2020
2;10;13.10.2020;7500;Prihodi od prodaje usluga i najma;IFAN;7;7;18.03.2020;;;           0,00;       3.432,36;      -3.432,36;Izl.rn. 6/VAS/6;00001;;001;    1,00000000;           0,00;       3.432,36;      -3.432,36;;;18.03.2020;;    85;  1;18.03.2020
2;11;13.10.2020;1200;Potraživanja od kupaca za prodana dobra;IFAN;8;440918-101;13.04.2020;000101;Geo optima d.o.o.;       1.244,43;           0,00;           0,00;Izl.rn. 7/VAS/6;00001;;001;    1,00000000;       1.244,43;           0,00;           0,00;;;13.04.2020;;    85;  1;13.04.2020
2;12;13.10.2020;7500;Prihodi od prodaje usluga i najma;IFAN;8;8;13.04.2020;;;           0,00;       1.244,43;      -1.244,43;Izl.rn. 7/VAS/6;00001;;001;    1,00000000;           0,00;       1.244,43;      -1.244,43;;;13.04.2020;;    85;  1;13.04.2020
2;13;13.10.2020;1200;Potraživanja od kupaca za prodana dobra;IFAN;9;440919-101;13.05.2020;000101;Geo optima d.o.o.;       1.000,00;           0,00;           0,00;Izl.rn. 8/VAS/6;00001;;001;    1,00000000;       1.000,00;           0,00;           0,00;;;13.05.2020;;    85;  1;13.05.2020
2;14;13.10.2020;7500;Prihodi od prodaje usluga i najma;IFAN;9;9;13.05.2020;;;           0,00;       1.000,00;      -1.000,00;Izl.rn. 8/VAS/6;00001;;001;    1,00000000;           0,00;       1.000,00;      -1.000,00;;;13.05.2020;;    85;  1;13.05.2020
2;15;13.10.2020;1200;Potraživanja od kupaca za prodana dobra;IFAN;10;4409110-104;13.05.2020;000104;Luka Brlek;       8.600,00;           0,00;       8.600,00;Izl.rn. 9/VAS/6;00001;;001;    1,00000000;       8.600,00;           0,00;       8.600,00;;;13.05.2020;;    85;  1;13.05.2020
2;16;13.10.2020;7500;Prihodi od prodaje usluga i najma;IFAN;10;10;13.05.2020;;;           0,00;       8.600,00;      -8.600,00;Izl.rn. 9/VAS/6;00001;;001;    1,00000000;           0,00;       8.600,00;      -8.600,00;;;13.05.2020;;    85;  1;13.05.2020
2;17;13.10.2020;1200;Potraživanja od kupaca za prodana dobra;IFAN;11;4409111-101;24.05.2020;000101;Geo optima d.o.o.;       2.254,25;           0,00;           0,00;Izl.rn. 10/VAS/6;00001;;001;    1,00000000;       2.254,25;           0,00;           0,00;;;24.05.2020;;    85;  1;24.05.2020
2;18;13.10.2020;7500;Prihodi od prodaje usluga i najma;IFAN;11;11;24.05.2020;;;           0,00;       2.254,25;      -2.254,25;Izl.rn. 10/VAS/6;00001;;001;    1,00000000;           0,00;       2.254,25;      -2.254,25;;;24.05.2020;;    85;  1;24.05.2020
2;19;13.10.2020;1200;Potraživanja od kupaca za prodana dobra;IFAN;12;4409112-105;28.05.2020;000105;Saša Predovan;         200,00;           0,00;         200,00;Izl.rn. 11/VAS/6;00001;;001;    1,00000000;         200,00;           0,00;         200,00;;;28.05.2020;;    85;  1;28.05.2020
2;20;13.10.2020;7500;Prihodi od prodaje usluga i najma;IFAN;12;12;28.05.2020;;;           0,00;         200,00;        -200,00;Izl.rn. 11/VAS/6;00001;;001;    1,00000000;           0,00;         200,00;        -200,00;;;28.05.2020;;    85;  1;28.05.2020
2;21;13.10.2020;1200;Potraživanja od kupaca za prodana dobra;IFAN;13;4409113-106; 1.07.2020;000106;Ivan Turèin;       2.000,00;           0,00;       2.000,00;Izl.rn. 12/VAS/6;00001;;001;    1,00000000;       2.000,00;           0,00;       2.000,00;;; 1.07.2020;;    85;  1; 1.07.2020
2;22;13.10.2020;7500;Prihodi od prodaje usluga i najma;IFAN;13;13; 1.07.2020;;;           0,00;       2.000,00;      -2.000,00;Izl.rn. 12/VAS/6;00001;;001;    1,00000000;           0,00;       2.000,00;      -2.000,00;;; 1.07.2020;;    85;  1; 1.07.2020
2;23;13.10.2020;1200;Potraživanja od kupaca za prodana dobra;IFAN;14;4409114-107; 1.07.2020;000107;Ljubica Èilèek;         400,00;           0,00;         400,00;Izl.rn. 13/VAS/6;00001;;001;    1,00000000;         400,00;           0,00;         400,00;;; 1.07.2020;;    85;  1; 1.07.2020
2;24;13.10.2020;7500;Prihodi od prodaje usluga i najma;IFAN;14;14; 1.07.2020;;;           0,00;         400,00;        -400,00;Izl.rn. 13/VAS/6;00001;;001;    1,00000000;           0,00;         400,00;        -400,00;;; 1.07.2020;;    85;  1; 1.07.2020
2;25;13.10.2020;1200;Potraživanja od kupaca za prodana dobra;IFAN;15;4409115-108;20.07.2020;000108;Nikolina Stefkoviæ;       3.000,00;           0,00;       3.000,00;Izl.rn. 14/VAG/6;00001;;001;    1,00000000;       3.000,00;           0,00;       3.000,00;;;20.07.2020;;    85;  1;20.07.2020
2;26;13.10.2020;7500;Prihodi od prodaje usluga i najma;IFAN;15;15;20.07.2020;;;           0,00;       3.000,00;      -3.000,00;Izl.rn. 14/VAG/6;00001;;001;    1,00000000;           0,00;       3.000,00;      -3.000,00;;;20.07.2020;;    85;  1;20.07.2020
2;27;13.10.2020;1200;Potraživanja od kupaca za prodana dobra;IFAN;16;4409116-101;22.07.2020;000101;Geo optima d.o.o.;       1.000,00;           0,00;           0,00;Izl.rn. 15/VAS/6;00001;;001;    1,00000000;       1.000,00;           0,00;           0,00;;;22.07.2020;;    85;  1;22.07.2020
2;28;13.10.2020;7500;Prihodi od prodaje usluga i najma;IFAN;16;16;22.07.2020;;;           0,00;       1.000,00;      -1.000,00;Izl.rn. 15/VAS/6;00001;;001;    1,00000000;           0,00;       1.000,00;      -1.000,00;;;22.07.2020;;    85;  1;22.07.2020
2;29;13.10.2020;1200;Potraživanja od kupaca za prodana dobra;IFAN;17;4409117-101;22.07.2020;000101;Geo optima d.o.o.;       3.750,42;           0,00;           0,00;Izl.rn. 16/VAS/6;00001;;001;    1,00000000;       3.750,42;           0,00;           0,00;;;22.07.2020;;    85;  1;22.07.2020
2;30;13.10.2020;7500;Prihodi od prodaje usluga i najma;IFAN;17;17;22.07.2020;;;           0,00;       3.750,42;      -3.750,42;Izl.rn. 16/VAS/6;00001;;001;    1,00000000;           0,00;       3.750,42;      -3.750,42;;;22.07.2020;;    85;  1;22.07.2020
2;31;13.10.2020;1200;Potraživanja od kupaca za prodana dobra;IFAN;18;4409118-109;19.08.2020;000109;Milan Hrnjak;       3.000,00;           0,00;       3.000,00;Izl.rn. 17/VAS/6;00001;;001;    1,00000000;       3.000,00;           0,00;       3.000,00;;;19.08.2020;;    85;  1;19.08.2020
2;32;13.10.2020;7500;Prihodi od prodaje usluga i najma;IFAN;18;18;19.08.2020;;;           0,00;       3.000,00;      -3.000,00;Izl.rn. 17/VAS/6;00001;;001;    1,00000000;           0,00;       3.000,00;      -3.000,00;;;19.08.2020;;    85;  1;19.08.2020
2;33;13.10.2020;1200;Potraživanja od kupaca za prodana dobra;IFAN;19;4409119-110;19.08.2020;000110;Ivan Buiæ;         400,00;           0,00;         400,00;Izl.rn. 18/vas/6;00001;;001;    1,00000000;         400,00;           0,00;         400,00;;;19.08.2020;;    85;  1;19.08.2020
2;34;13.10.2020;7500;Prihodi od prodaje usluga i najma;IFAN;19;19;19.08.2020;;;           0,00;         400,00;        -400,00;Izl.rn. 18/vas/6;00001;;001;    1,00000000;           0,00;         400,00;        -400,00;;;19.08.2020;;    85;  1;19.08.2020
2;35;13.10.2020;1200;Potraživanja od kupaca za prodana dobra;IFAN;20;4409120-101;25.08.2020;000101;Geo optima d.o.o.;       3.188,60;           0,00;           0,00;Izl.rn. 19/VAS/6;00001;;001;    1,00000000;       3.188,60;           0,00;           0,00;;;25.08.2020;;    85;  1;25.08.2020
2;36;13.10.2020;7500;Prihodi od prodaje usluga i najma;IFAN;20;20;25.08.2020;;;           0,00;       3.188,60;      -3.188,60;Izl.rn. 19/VAS/6;00001;;001;    1,00000000;           0,00;       3.188,60;      -3.188,60;;;25.08.2020;;    85;  1;25.08.2020
2;37;13.10.2020;1200;Potraživanja od kupaca za prodana dobra;IFAN;21;4409121-101; 1.09.2020;000101;Geo optima d.o.o.;       2.114,78;           0,00;           0,00;Izl.rn. 20/VAS/6;00001;;001;    1,00000000;       2.114,78;           0,00;           0,00;;; 1.09.2020;;    85;  1; 1.09.2020
2;38;13.10.2020;7500;Prihodi od prodaje usluga i najma;IFAN;21;21; 1.09.2020;;;           0,00;       2.114,78;      -2.114,78;Izl.rn. 20/VAS/6;00001;;001;    1,00000000;           0,00;       2.114,78;      -2.114,78;;; 1.09.2020;;    85;  1; 1.09.2020
2;39;13.10.2020;1200;Potraživanja od kupaca za prodana dobra;IFAN;22;4409122-101;29.09.2020;000101;Geo optima d.o.o.;       1.380,00;           0,00;           0,00;Izl.rn. 21/VAS/6;00001;;001;    1,00000000;       1.380,00;           0,00;           0,00;;;29.09.2020;;    85;  1;29.09.2020
2;40;13.10.2020;7500;Prihodi od prodaje usluga i najma;IFAN;22;22;29.09.2020;;;           0,00;       1.380,00;      -1.380,00;Izl.rn. 21/VAS/6;00001;;001;    1,00000000;           0,00;       1.380,00;      -1.380,00;;;29.09.2020;;    85;  1;29.09.2020
2;41;13.10.2020;1200;Potraživanja od kupaca za prodana dobra;IFAN;23;4409123-101;30.09.2020;000101;Geo optima d.o.o.;       2.720,73;           0,00;           0,00;Izl.rn. 22/VAS/6;00001;;001;    1,00000000;       2.720,73;           0,00;           0,00;;;30.09.2020;;    85;  1;30.09.2020
2;42;13.10.2020;7500;Prihodi od prodaje usluga i najma;IFAN;23;23;30.09.2020;;;           0,00;       2.720,73;      -2.720,73;Izl.rn. 22/VAS/6;00001;;001;    1,00000000;           0,00;       2.720,73;      -2.720,73;;;30.09.2020;;    85;  1;30.09.2020
2;43;13.10.2020;1200;Potraživanja od kupaca za prodana dobra;IFAN;1;440911-101;20.01.2020;000101;Geo optima d.o.o.;       3.325,00;           0,00;           0,00;Izl.rn. 1;00001;;001;    1,00000000;       3.325,00;           0,00;           0,00;;;20.01.2020;;    85;  1;20.01.2020
2;44;13.10.2020;7500;Prihodi od prodaje usluga i najma;IFAN;1;440911-101;20.01.2020;;;           0,00;       3.325,00;      -3.325,00;Izl.rn. 1;00001;;001;    1,00000000;           0,00;       3.325,00;      -3.325,00;;;20.01.2020;;    85;  1;20.01.2020
3;1;13.10.2020;7402;prihodi s temelja kamta, teèajnih razlika, dividendi, tentijema, najamnina i sl.;IZV;001;; 1.01.2020;;;           0,00;           0,55;          -0,55;PRIPIS KAMATE;00001;;001;    1,00000000;           0,00;           0,55;          -0,55;;; 1.01.2020;;######;  5; 1.01.2020
3;2;13.10.2020;1000;ERSTE Žiro raèun u platnom zavodu;IZV;001;; 1.01.2020;;;           0,55;           0,00;           0,55;Promet;00001;;001;    1,00000000;           0,55;           0,00;           0,55;;; 1.01.2020;;######;  5; 1.01.2020
3;3;13.10.2020;1200;Potraživanja od kupaca za prodana dobra;IZV;002;; 3.01.2020;000101;Geo optima d.o.o.;           0,00;       2.932,00;      -2.932,00;posredovanje 9-19;00001;;001;    1,00000000;           0,00;       2.932,00;      -2.932,00;;; 3.01.2020;;######;  5; 3.01.2020
3;4;13.10.2020;1200;Potraživanja od kupaca za prodana dobra;IZV;002;; 3.01.2020;000101;Geo optima d.o.o.;           0,00;       2.705,00;      -2.705,00;posredovanje 10-19;00001;;001;    1,00000000;           0,00;       2.705,00;      -2.705,00;;; 3.01.2020;;######;  5; 3.01.2020
3;5;13.10.2020;1200;Potraživanja od kupaca za prodana dobra;IZV;002;; 3.01.2020;000101;Geo optima d.o.o.;           0,00;       2.495,00;      -2.495,00;posredovanje 12-19;00001;;001;    1,00000000;           0,00;       2.495,00;      -2.495,00;;; 3.01.2020;;######;  5; 3.01.2020
3;6;13.10.2020;1000;ERSTE Žiro raèun u platnom zavodu;IZV;002;; 3.01.2020;;;       8.132,00;           0,00;       8.132,00;Promet;00001;;001;    1,00000000;       8.132,00;           0,00;       8.132,00;;; 3.01.2020;;######;  5; 3.01.2020
3;7;13.10.2020;4650;Troškovi platnog prometa;IZV;003;;10.01.2020;;;         135,90;           0,00;         135,90;NAPLATA NAKNADE PO RAÈUNU OD 31.12.2019;00001;;001;    1,00000000;         135,90;           0,00;         135,90;;;10.01.2020;;######;  5;10.01.2020
3;8;13.10.2020;1000;ERSTE Žiro raèun u platnom zavodu;IZV;003;;10.01.2020;;;           0,00;         135,90;        -135,90;Promet;00001;;001;    1,00000000;           0,00;         135,90;        -135,90;;;10.01.2020;;######;  5;10.01.2020
3;9;13.10.2020;2420;Doprinos za MIO I;IZV;004;;13.01.2020;;;         823,68;           0,00;         823,68;Doprinos za MIO I stup;00001;;001;    1,00000000;         823,68;           0,00;         823,68;;;13.01.2020;;######;  5;13.01.2020
3;10;13.10.2020;2421;Doprinos za MIO II;IZV;004;;13.01.2020;;;         274,56;           0,00;         274,56;Doprinos za MIO II stup;00001;;001;    1,00000000;         274,56;           0,00;         274,56;;;13.01.2020;;######;  5;13.01.2020
3;11;13.10.2020;2423;Doprinos za zdravstveno osiguranje;IZV;004;;13.01.2020;;;         906,05;           0,00;         906,05;Dopr. za ZDRAVSTVENO osiguranje;00001;;001;    1,00000000;         906,05;           0,00;         906,05;;;13.01.2020;;######;  5;13.01.2020
3;12;13.10.2020;2300;Obveze za neto plaæe i nadoknade;IZV;004;;13.01.2020;;;       4.392,96;           0,00;       4.392,96;Plaæa za 122019;00001;;001;    1,00000000;       4.392,96;           0,00;       4.392,96;;;13.01.2020;;######;  5;13.01.2020
3;13;13.10.2020;1000;ERSTE Žiro raèun u platnom zavodu;IZV;004;;13.01.2020;;;           0,00;       6.397,25;      -6.397,25;Promet;00001;;001;    1,00000000;           0,00;       6.397,25;      -6.397,25;;;13.01.2020;;######;  5;13.01.2020
3;14;13.10.2020;1226;Ostala kratkoroèna potraživanja od povezanih poduzetnika;IZV;005;; 8.02.2020;;;       2.000,00;           0,00;       2.000,00;Kratkoroèna pozajmica;00001;;001;    1,00000000;       2.000,00;           0,00;       2.000,00;;; 8.02.2020;;######;  5; 8.02.2020
3;15;13.10.2020;1000;ERSTE Žiro raèun u platnom zavodu;IZV;005;; 8.02.2020;;;           0,00;       2.000,00;      -2.000,00;Promet;00001;;001;    1,00000000;           0,00;       2.000,00;      -2.000,00;;; 8.02.2020;;######;  5; 8.02.2020
3;16;13.10.2020;4650;Troškovi platnog prometa;IZV;006;;10.02.2020;;;         123,38;           0,00;         123,38;NAPLATA NAKNADE PO RAÈUNU OD 31.01.2020;00001;;001;    1,00000000;         123,38;           0,00;         123,38;;;10.02.2020;;######;  5;10.02.2020
3;17;13.10.2020;1200;Potraživanja od kupaca za prodana dobra;IZV;006;;10.02.2020;000111;Kos Perko Branko;           0,00;       1.000,00;      -1.000,00;predraèun 1/vag /3;00001;;001;    1,00000000;           0,00;       1.000,00;      -1.000,00;;;10.02.2020;;######;  5;10.02.2020
3;18;13.10.2020;4650;Troškovi platnog prometa;IZV;006;;10.02.2020;;;           7,42;           0,00;           7,42;NAPLATA NAKNADE PO RAÈUNU OD 31.01.2020;00001;;001;    1,00000000;           7,42;           0,00;           7,42;;;10.02.2020;;######;  5;10.02.2020
3;19;13.10.2020;1000;ERSTE Žiro raèun u platnom zavodu;IZV;006;;10.02.2020;;;       1.000,00;         130,80;         869,20;Promet;00001;;001;    1,00000000;       1.000,00;         130,80;         869,20;;;10.02.2020;;######;  5;10.02.2020
3;20;13.10.2020;1200;Potraživanja od kupaca za prodana dobra;IZV;007;;11.02.2020;000112;Zlatko Hinšt;           0,00;         200,00;        -200,00;Plaæanje naknade za dva primjerka elaborata za leg;00001;;001;    1,00000000;           0,00;         200,00;        -200,00;;;11.02.2020;;######;  5;11.02.2020
3;21;13.10.2020;1226;Ostala kratkoroèna potraživanja od povezanih poduzetnika;IZV;007;;11.02.2020;;;       1.000,00;           0,00;       1.000,00;Kratkoroèna pozajmica;00001;;001;    1,00000000;       1.000,00;           0,00;       1.000,00;;;11.02.2020;;######;  5;11.02.2020
3;22;13.10.2020;1000;ERSTE Žiro raèun u platnom zavodu;IZV;007;;11.02.2020;;;         200,00;       1.000,00;        -800,00;Promet;00001;;001;    1,00000000;         200,00;       1.000,00;        -800,00;;;11.02.2020;;######;  5;11.02.2020
3;23;13.10.2020;1200;Potraživanja od kupaca za prodana dobra;IZV;008;440912-102;12.02.2020;000102;MOLA USLUGE D.O.O.;           0,00;      10.134,70;           0,00;Izl.rn. 2/VAS/6;00001;;001;    1,00000000;           0,00;      10.134,70;           0,00;;;12.02.2020;;######;  5;12.02.2020
3;24;13.10.2020;1226;Ostala kratkoroèna potraživanja od povezanih poduzetnika;IZV;008;;12.02.2020;;;      10.000,00;           0,00;      10.000,00;Kratkoroèna pozajmica;00001;;001;    1,00000000;      10.000,00;           0,00;      10.000,00;;;12.02.2020;;######;  5;12.02.2020
3;25;13.10.2020;1000;ERSTE Žiro raèun u platnom zavodu;IZV;008;;12.02.2020;;;      10.134,70;      10.000,00;         134,70;Promet;00001;;001;    1,00000000;      10.134,70;      10.000,00;         134,70;;;12.02.2020;;######;  5;12.02.2020
3;26;13.10.2020;1200;Potraživanja od kupaca za prodana dobra;IZV;009;440914-103;13.02.2020;000103;Matko Boriæ;           0,00;      24.000,00;           0,00;Izl.rn. 4/VAS/6;00001;;001;    1,00000000;           0,00;      24.000,00;           0,00;;;13.02.2020;;######;  5;13.02.2020
3;27;13.10.2020;1200;Potraživanja od kupaca za prodana dobra;IZV;009;;13.02.2020;000103;Matko Boriæ;           0,00;      15.000,00;     -15.000,00;Totalna stanica-pribor;00001;;001;    1,00000000;           0,00;      15.000,00;     -15.000,00;;;13.02.2020;;######;  5;13.02.2020
3;28;13.10.2020;1000;ERSTE Žiro raèun u platnom zavodu;IZV;009;;13.02.2020;;;      39.000,00;           0,00;      39.000,00;Promet;00001;;001;    1,00000000;      39.000,00;           0,00;      39.000,00;;;13.02.2020;;######;  5;13.02.2020
3;29;13.10.2020;2200;Dobavljaèi zaliha;IZV;010;;19.02.2020;000101;Geo optima d.o.o.;      30.000,00;           0,00;     -30.000,00;Raèun 2019-18-1;00001;;001;    1,00000000;      30.000,00;           0,00;     -30.000,00;;;19.02.2020;;######;  5;19.02.2020
3;30;13.10.2020;1000;ERSTE Žiro raèun u platnom zavodu;IZV;010;;19.02.2020;;;           0,00;      30.000,00;     -30.000,00;Promet;00001;;001;    1,00000000;           0,00;      30.000,00;     -30.000,00;;;19.02.2020;;######;  5;19.02.2020
3;31;13.10.2020;2200;Dobavljaèi zaliha;IZV;011;;20.02.2020;000101;Geo optima d.o.o.;       7.889,00;           0,00;      -7.889,00;Raèun 2019-18-1;00001;;001;    1,00000000;       7.889,00;           0,00;      -7.889,00;;;20.02.2020;;######;  5;20.02.2020
3;32;13.10.2020;1000;ERSTE Žiro raèun u platnom zavodu;IZV;011;;20.02.2020;;;           0,00;       7.889,00;      -7.889,00;Promet;00001;;001;    1,00000000;           0,00;       7.889,00;      -7.889,00;;;20.02.2020;;######;  5;20.02.2020
3;33;13.10.2020;1200;Potraživanja od kupaca za prodana dobra;IZV;012;;21.02.2020;000113;Gordana Saviæ;           0,00;       5.000,00;      -5.000,00;Prijenos po raèunu;00001;;001;    1,00000000;           0,00;       5.000,00;      -5.000,00;;;21.02.2020;;######;  5;21.02.2020
3;34;13.10.2020;1200;Potraživanja od kupaca za prodana dobra;IZV;012;440911-101;21.02.2020;000101;Geo optima d.o.o.;           0,00;       3.325,00;           0,00;Izl.rn. 1;00001;;001;    1,00000000;           0,00;       3.325,00;           0,00;;;21.02.2020;;######;  5;21.02.2020
3;35;13.10.2020;1200;Potraživanja od kupaca za prodana dobra;IZV;012;440913-101;21.02.2020;000101;Geo optima d.o.o.;           0,00;       3.260,25;           0,00;Izl.rn. 3/VAS/6;00001;;001;    1,00000000;           0,00;       3.260,25;           0,00;;;21.02.2020;;######;  5;21.02.2020
3;36;13.10.2020;1000;ERSTE Žiro raèun u platnom zavodu;IZV;012;;21.02.2020;;;      11.585,25;           0,00;      11.585,25;Promet;00001;;001;    1,00000000;      11.585,25;           0,00;      11.585,25;;;21.02.2020;;######;  5;21.02.2020
3;37;13.10.2020;2300;Obveze za neto plaæe i nadoknade;IZV;013;;25.02.2020;;;       4.545,83;           0,00;       4.545,83;Plaæa za 012020;00001;;001;    1,00000000;       4.545,83;           0,00;       4.545,83;;;25.02.2020;;######;  5;25.02.2020
3;38;13.10.2020;1000;ERSTE Žiro raèun u platnom zavodu;IZV;013;;25.02.2020;;;           0,00;       4.545,83;      -4.545,83;Promet;00001;;001;    1,00000000;           0,00;       4.545,83;      -4.545,83;;;25.02.2020;;######;  5;25.02.2020
3;39;13.10.2020;2420;Doprinos za MIO I;IZV;014;;26.02.2020;;;         852,35;           0,00;         852,35;Doprinos za MIO I stup;00001;;001;    1,00000000;         852,35;           0,00;         852,35;;;26.02.2020;;######;  5;26.02.2020
3;40;13.10.2020;2421;Doprinos za MIO II;IZV;014;;26.02.2020;;;         284,12;           0,00;         284,12;Doprinos za MIO II stup;00001;;001;    1,00000000;         284,12;           0,00;         284,12;;;26.02.2020;;######;  5;26.02.2020
3;41;13.10.2020;2423;Doprinos za zdravstveno osiguranje;IZV;014;;26.02.2020;;;         937,58;           0,00;         937,58;Dopr. za ZDRAVSTVENO osiguranje;00001;;001;    1,00000000;         937,58;           0,00;         937,58;;;26.02.2020;;######;  5;26.02.2020
3;42;13.10.2020;1000;ERSTE Žiro raèun u platnom zavodu;IZV;014;;26.02.2020;;;           0,00;       2.074,05;      -2.074,05;Promet;00001;;001;    1,00000000;           0,00;       2.074,05;      -2.074,05;;;26.02.2020;;######;  5;26.02.2020
3;43;13.10.2020;1226;Ostala kratkoroèna potraživanja od povezanih poduzetnika;IZV;015;; 9.03.2020;;;       6.000,00;           0,00;       6.000,00;Kratkoroèna pozajmica;00001;;001;    1,00000000;       6.000,00;           0,00;       6.000,00;;; 9.03.2020;;######;  5; 9.03.2020
3;44;13.10.2020;1000;ERSTE Žiro raèun u platnom zavodu;IZV;015;; 9.03.2020;;;           0,00;       6.000,00;      -6.000,00;Promet;00001;;001;    1,00000000;           0,00;       6.000,00;      -6.000,00;;; 9.03.2020;;######;  5; 9.03.2020
3;45;13.10.2020;1200;Potraživanja od kupaca za prodana dobra;IZV;017;440917-101;23.03.2020;000101;Geo optima d.o.o.;           0,00;       3.432,36;           0,00;Izl.rn. 6/VAS/6;00001;;001;    1,00000000;           0,00;       3.432,36;           0,00;;;23.03.2020;;######;  5;23.03.2020
3;46;13.10.2020;1226;Ostala kratkoroèna potraživanja od povezanih poduzetnika;IZV;017;;23.03.2020;;;           0,00;       4.000,00;      -4.000,00;Vraèanje posudbe;00001;;001;    1,00000000;           0,00;       4.000,00;      -4.000,00;;;23.03.2020;;######;  5;23.03.2020
3;47;13.10.2020;2300;Obveze za neto plaæe i nadoknade;IZV;017;;23.03.2020;;;       4.545,83;           0,00;       4.545,83;Plaæa za 022020;00001;;001;    1,00000000;       4.545,83;           0,00;       4.545,83;;;23.03.2020;;######;  5;23.03.2020
3;48;13.10.2020;1000;ERSTE Žiro raèun u platnom zavodu;IZV;017;;23.03.2020;;;       7.432,36;       4.545,83;       2.886,53;Promet;00001;;001;    1,00000000;       7.432,36;       4.545,83;       2.886,53;;;23.03.2020;;######;  5;23.03.2020
3;49;13.10.2020;2420;Doprinos za MIO I;IZV;018;;24.03.2020;;;         852,35;           0,00;         852,35;Doprinos za MIO I stup;00001;;001;    1,00000000;         852,35;           0,00;         852,35;;;24.03.2020;;######;  5;24.03.2020
3;50;13.10.2020;2421;Doprinos za MIO II;IZV;018;;24.03.2020;;;         284,12;           0,00;         284,12;Doprinos za MIO II stup;00001;;001;    1,00000000;         284,12;           0,00;         284,12;;;24.03.2020;;######;  5;24.03.2020
3;51;13.10.2020;2423;Doprinos za zdravstveno osiguranje;IZV;018;;24.03.2020;;;         937,58;           0,00;         937,58;Dopr. za ZDRAVSTVENO osiguranje;00001;;001;    1,00000000;         937,58;           0,00;         937,58;;;24.03.2020;;######;  5;24.03.2020
3;52;13.10.2020;1000;ERSTE Žiro raèun u platnom zavodu;IZV;018;;24.03.2020;;;           0,00;       2.074,05;      -2.074,05;Promet;00001;;001;    1,00000000;           0,00;       2.074,05;      -2.074,05;;;24.03.2020;;######;  5;24.03.2020
3;53;13.10.2020;1226;Ostala kratkoroèna potraživanja od povezanih poduzetnika;IZV;019;;30.03.2020;;;           0,00;      15.000,00;     -15.000,00;Vraèanje posudbe;00001;;001;    1,00000000;           0,00;      15.000,00;     -15.000,00;;;30.03.2020;;######;  5;30.03.2020
3;54;13.10.2020;2200;Dobavljaèi zaliha;IZV;019;;30.03.2020;000101;Geo optima d.o.o.;         450,00;           0,00;        -450,00;Mlade Benèiæ;00001;;001;    1,00000000;         450,00;           0,00;        -450,00;;;30.03.2020;;######;  5;30.03.2020
3;55;13.10.2020;2200;Dobavljaèi zaliha;IZV;019;;30.03.2020;000101;Geo optima d.o.o.;       3.051,00;           0,00;      -3.051,00;Iva Burigo;00001;;001;    1,00000000;       3.051,00;           0,00;      -3.051,00;;;30.03.2020;;######;  5;30.03.2020
3;56;13.10.2020;2200;Dobavljaèi zaliha;IZV;019;;30.03.2020;000101;Geo optima d.o.o.;       2.375,00;           0,00;      -2.375,00;Ivica Božiæ;00001;;001;    1,00000000;       2.375,00;           0,00;      -2.375,00;;;30.03.2020;;######;  5;30.03.2020
3;57;13.10.2020;2200;Dobavljaèi zaliha;IZV;019;;30.03.2020;000101;Geo optima d.o.o.;       1.500,00;           0,00;      -1.500,00;Ecotectura;00001;;001;    1,00000000;       1.500,00;           0,00;      -1.500,00;;;30.03.2020;;######;  5;30.03.2020
3;58;13.10.2020;2200;Dobavljaèi zaliha;IZV;019;;30.03.2020;000101;Geo optima d.o.o.;       4.900,00;           0,00;      -4.900,00;Nikolina Štefkoviæ;00001;;001;    1,00000000;       4.900,00;           0,00;      -4.900,00;;;30.03.2020;;######;  5;30.03.2020
3;59;13.10.2020;1000;ERSTE Žiro raèun u platnom zavodu;IZV;019;;30.03.2020;;;      15.000,00;      12.276,00;       2.724,00;Promet;00001;;001;    1,00000000;      15.000,00;      12.276,00;       2.724,00;;;30.03.2020;;######;  5;30.03.2020
3;60;13.10.2020;2200;Dobavljaèi zaliha;IZV;020;; 3.04.2020;000114;OBAI D.O.O.;         500,00;           0,00;        -500,00;Raèun broj: 26-01-91;00001;;001;    1,00000000;         500,00;           0,00;        -500,00;;; 3.04.2020;;######;  5; 3.04.2020
3;61;13.10.2020;1000;ERSTE Žiro raèun u platnom zavodu;IZV;020;; 3.04.2020;;;           0,00;         500,00;        -500,00;Promet;00001;;001;    1,00000000;           0,00;         500,00;        -500,00;;; 3.04.2020;;######;  5; 3.04.2020
3;62;13.10.2020;7860;Prihodi od državnih potpora za pokriæe troškova;IZV;021;; 9.04.2020;;;           0,00;       3.250,00;      -3.250,00;Potpore za zapošljavanje COVID 19;00001;;001;    1,00000000;           0,00;       3.250,00;      -3.250,00;;; 9.04.2020;;######;  5; 9.04.2020
3;63;13.10.2020;1000;ERSTE Žiro raèun u platnom zavodu;IZV;021;; 9.04.2020;;;       3.250,00;           0,00;       3.250,00;Promet;00001;;001;    1,00000000;       3.250,00;           0,00;       3.250,00;;; 9.04.2020;;######;  5; 9.04.2020
3;64;13.10.2020;1226;Ostala kratkoroèna potraživanja od povezanih poduzetnika;IZV;023;;16.04.2020;;;       5.000,00;           0,00;       5.000,00;Kratkoroèna pozajmica;00001;;001;    1,00000000;       5.000,00;           0,00;       5.000,00;;;16.04.2020;;######;  5;16.04.2020
3;65;13.10.2020;1226;Ostala kratkoroèna potraživanja od povezanih poduzetnika;IZV;023;;16.04.2020;;;          38,32;           0,00;          38,32;RAÈUN 77450;00001;;001;    1,00000000;          38,32;           0,00;          38,32;;;16.04.2020;;######;  5;16.04.2020
3;66;13.10.2020;1226;Ostala kratkoroèna potraživanja od povezanih poduzetnika;IZV;023;;16.04.2020;;;         303,36;           0,00;         303,36;Naknada 04/2020 BONUS ZA RADNE REZU;00001;;001;    1,00000000;         303,36;           0,00;         303,36;;;16.04.2020;;######;  5;16.04.2020
3;67;13.10.2020;1226;Ostala kratkoroèna potraživanja od povezanih poduzetnika;IZV;023;;16.04.2020;;;       2.000,00;           0,00;       2.000,00;RAÈUN 034-2020;00001;;001;    1,00000000;       2.000,00;           0,00;       2.000,00;;;16.04.2020;;######;  5;16.04.2020
3;68;13.10.2020;1226;Ostala kratkoroèna potraživanja od povezanih poduzetnika;IZV;023;;16.04.2020;;;         611,00;           0,00;         611,00;Naknada 04/2020 BONUS ZA RADNE REZU;00001;;001;    1,00000000;         611,00;           0,00;         611,00;;;16.04.2020;;######;  5;16.04.2020
3;69;13.10.2020;1226;Ostala kratkoroèna potraživanja od povezanih poduzetnika;IZV;023;;16.04.2020;;;         611,00;           0,00;         611,00;Naknada 04/2020 BONUS ZA RADNE REZU;00001;;001;    1,00000000;         611,00;           0,00;         611,00;;;16.04.2020;;######;  5;16.04.2020
3;70;13.10.2020;1226;Ostala kratkoroèna potraživanja od povezanih poduzetnika;IZV;023;;16.04.2020;;;       2.000,00;           0,00;       2.000,00;RAÈUN 034-2020;00001;;001;    1,00000000;       2.000,00;           0,00;       2.000,00;;;16.04.2020;;######;  5;16.04.2020
3;71;13.10.2020;1226;Ostala kratkoroèna potraživanja od povezanih poduzetnika;IZV;023;;16.04.2020;;;         303,36;           0,00;         303,36;Naknada 04/2020 BONUS ZA RADNE REZU;00001;;001;    1,00000000;         303,36;           0,00;         303,36;;;16.04.2020;;######;  5;16.04.2020
3;72;13.10.2020;1226;Ostala kratkoroèna potraživanja od povezanih poduzetnika;IZV;023;;16.04.2020;;;          38,32;           0,00;          38,32;RAÈUN 77450;00001;;001;    1,00000000;          38,32;           0,00;          38,32;;;16.04.2020;;######;  5;16.04.2020
3;73;13.10.2020;1000;ERSTE Žiro raèun u platnom zavodu;IZV;023;;16.04.2020;;;           0,00;      10.905,36;     -10.905,36;Promet;00001;;001;    1,00000000;           0,00;      10.905,36;     -10.905,36;;;16.04.2020;;######;  5;16.04.2020
3;74;13.10.2020;1200;Potraživanja od kupaca za prodana dobra;IZV;025;;23.04.2020;000101;Geo optima d.o.o.;           0,00;       1.244,43;           0,00;posredovanje3-20;00001;;001;    1,00000000;           0,00;       1.244,43;           0,00;;;23.04.2020;;######;  5;23.04.2020
3;75;13.10.2020;1000;ERSTE Žiro raèun u platnom zavodu;IZV;025;;23.04.2020;;;       1.244,43;           0,00;       1.244,43;Promet;00001;;001;    1,00000000;       1.244,43;           0,00;       1.244,43;;;23.04.2020;;######;  5;23.04.2020
3;76;13.10.2020;4650;Troškovi platnog prometa;IZV;026;;27.04.2020;;;         144,20;           0,00;         144,20;NAPLATA NAKNADE PO RAÈUNU OD 31.03.2020;00001;;001;    1,00000000;         144,20;           0,00;         144,20;;;27.04.2020;;######;  5;27.04.2020
3;77;13.10.2020;1226;Ostala kratkoroèna potraživanja od povezanih poduzetnika;IZV;026;;27.04.2020;;;       4.000,00;           0,00;       4.000,00;Kratkoroèna pozajmica;00001;;001;    1,00000000;       4.000,00;           0,00;       4.000,00;;;27.04.2020;;######;  5;27.04.2020
3;78;13.10.2020;4650;Troškovi platnog prometa;IZV;026;;27.04.2020;;;         144,20;           0,00;         144,20;NAPLATA NAKNADE PO RAÈUNU OD 31.03.2020;00001;;001;    1,00000000;         144,20;           0,00;         144,20;;;27.04.2020;;######;  5;27.04.2020
3;79;13.10.2020;1000;ERSTE Žiro raèun u platnom zavodu;IZV;026;;27.04.2020;;;           0,00;       4.288,40;      -4.288,40;Promet;00001;;001;    1,00000000;           0,00;       4.288,40;      -4.288,40;;;27.04.2020;;######;  5;27.04.2020
3;80;13.10.2020;2200;Dobavljaèi zaliha;IZV;028;;30.04.2020;000114;OBAI D.O.O.;         500,00;           0,00;        -500,00;Izlazni raèun 36-01-91 od 15.04.202;00001;;001;    1,00000000;         500,00;           0,00;        -500,00;;;30.04.2020;;######;  5;30.04.2020
3;81;13.10.2020;1000;ERSTE Žiro raèun u platnom zavodu;IZV;028;;30.04.2020;;;           0,00;         500,00;        -500,00;Promet;00001;;001;    1,00000000;           0,00;         500,00;        -500,00;;;30.04.2020;;######;  5;30.04.2020
3;82;13.10.2020;1200;Potraživanja od kupaca za prodana dobra;IZV;030;;14.05.2020;000117;Templatization;           0,00;       8.600,00;      -8.600,00;Plaæanje naloga;00001;;001;    1,00000000;           0,00;       8.600,00;      -8.600,00;;;14.05.2020;;######;  5;14.05.2020
3;83;13.10.2020;1000;ERSTE Žiro raèun u platnom zavodu;IZV;030;;14.05.2020;;;       8.600,00;           0,00;       8.600,00;Promet;00001;;001;    1,00000000;       8.600,00;           0,00;       8.600,00;;;14.05.2020;;######;  5;14.05.2020
3;84;13.10.2020;2300;Obveze za neto plaæe i nadoknade;IZV;031;;15.05.2020;;;       4.545,84;           0,00;       4.545,84;PLAÆA 4-20;00001;;001;    1,00000000;       4.545,84;           0,00;       4.545,84;;;15.05.2020;;######;  5;15.05.2020
3;85;13.10.2020;1000;ERSTE Žiro raèun u platnom zavodu;IZV;031;;15.05.2020;;;           0,00;       4.545,84;      -4.545,84;Promet;00001;;001;    1,00000000;           0,00;       4.545,84;      -4.545,84;;;15.05.2020;;######;  5;15.05.2020
3;86;13.10.2020;1200;Potraživanja od kupaca za prodana dobra;IZV;033;;26.05.2020;000118;Petar Kajiæ;           0,00;       1.750,00;      -1.750,00;Uplata preostalog dijela od 50%  zaponudu br. 14-0;00001;;001;    1,00000000;           0,00;       1.750,00;      -1.750,00;;;26.05.2020;;######;  5;26.05.2020
3;87;13.10.2020;1200;Potraživanja od kupaca za prodana dobra;IZV;033;;26.05.2020;000101;Geo optima d.o.o.;           0,00;       1.000,00;           0,00;ars - marija agardi;00001;;001;    1,00000000;           0,00;       1.000,00;           0,00;;;26.05.2020;;######;  5;26.05.2020
3;88;13.10.2020;1000;ERSTE Žiro raèun u platnom zavodu;IZV;033;;26.05.2020;;;       2.750,00;           0,00;       2.750,00;Promet;00001;;001;    1,00000000;       2.750,00;           0,00;       2.750,00;;;26.05.2020;;######;  5;26.05.2020
3;89;13.10.2020;2200;Dobavljaèi zaliha;IZV;036;; 2.06.2020;000114;OBAI D.O.O.;         500,00;           0,00;        -500,00;Izlazni raèun 44-01-91 od 19.05.202;00001;;001;    1,00000000;         500,00;           0,00;        -500,00;;; 2.06.2020;;######;  5; 2.06.2020
3;90;13.10.2020;1000;ERSTE Žiro raèun u platnom zavodu;IZV;036;; 2.06.2020;;;           0,00;         500,00;        -500,00;Promet;00001;;001;    1,00000000;           0,00;         500,00;        -500,00;;; 2.06.2020;;######;  5; 2.06.2020
3;91;13.10.2020;1200;Potraživanja od kupaca za prodana dobra;IZV;037;4409111-101; 3.06.2020;000101;Geo optima d.o.o.;           0,00;       2.254,25;           0,00;Izl.rn. 10/VAS/6;00001;;001;    1,00000000;           0,00;       2.254,25;           0,00;;; 3.06.2020;;######;  5; 3.06.2020
3;92;13.10.2020;1000;ERSTE Žiro raèun u platnom zavodu;IZV;037;; 3.06.2020;;;       2.254,25;           0,00;       2.254,25;Promet;00001;;001;    1,00000000;       2.254,25;           0,00;       2.254,25;;; 3.06.2020;;######;  5; 3.06.2020
3;93;13.10.2020;7860;Prihodi od državnih potpora za pokriæe troškova;IZV;038;;10.06.2020;;;           0,00;       4.000,00;      -4.000,00;0023153004 pl.mjere ug.23353-20;00001;;001;    1,00000000;           0,00;       4.000,00;      -4.000,00;;;10.06.2020;;######;  5;10.06.2020
3;94;13.10.2020;1000;ERSTE Žiro raèun u platnom zavodu;IZV;038;;10.06.2020;;;       4.000,00;           0,00;       4.000,00;Promet;00001;;001;    1,00000000;       4.000,00;           0,00;       4.000,00;;;10.06.2020;;######;  5;10.06.2020
3;95;13.10.2020;2300;Obveze za neto plaæe i nadoknade;IZV;039;;15.06.2020;;;       4.545,84;           0,00;       4.545,84;PLAÆA 05/2020;00001;;001;    1,00000000;       4.545,84;           0,00;       4.545,84;;;15.06.2020;;######;  5;15.06.2020
3;96;13.10.2020;1000;ERSTE Žiro raèun u platnom zavodu;IZV;039;;15.06.2020;;;           0,00;       4.545,84;      -4.545,84;Promet;00001;;001;    1,00000000;           0,00;       4.545,84;      -4.545,84;;;15.06.2020;;######;  5;15.06.2020
3;97;13.10.2020;4650;Troškovi platnog prometa;IZV;040;;20.06.2020;;;         124,50;           0,00;         124,50;NAPLATA NAKNADE PO RAÈUNU OD 31.05.2020;00001;;001;    1,00000000;         124,50;           0,00;         124,50;;;20.06.2020;;######;  5;20.06.2020
3;98;13.10.2020;1000;ERSTE Žiro raèun u platnom zavodu;IZV;040;;20.06.2020;;;           0,00;         124,50;        -124,50;Promet;00001;;001;    1,00000000;           0,00;         124,50;        -124,50;;;20.06.2020;;######;  5;20.06.2020
3;99;13.10.2020;1200;Potraživanja od kupaca za prodana dobra;IZV;041;;26.06.2020;000118;Petar Kajiæ;           0,00;         750,00;        -750,00;uplata 50 % avansno po prihvaæanjuponude;00001;;001;    1,00000000;           0,00;         750,00;        -750,00;;;26.06.2020;;######;  5;26.06.2020
3;100;13.10.2020;1000;ERSTE Žiro raèun u platnom zavodu;IZV;041;;26.06.2020;;;         750,00;           0,00;         750,00;Promet;00001;;001;    1,00000000;         750,00;           0,00;         750,00;;;26.06.2020;;######;  5;26.06.2020
3;101;13.10.2020;2200;Dobavljaèi zaliha;IZV;042;; 3.07.2020;000114;OBAI D.O.O.;       2.500,00;           0,00;      -2.500,00;Izlazni raèun 46-01-91 od  2.07.202;00001;;001;    1,00000000;       2.500,00;           0,00;      -2.500,00;;; 3.07.2020;;######;  5; 3.07.2020
3;102;13.10.2020;1000;ERSTE Žiro raèun u platnom zavodu;IZV;042;; 3.07.2020;;;           0,00;       2.500,00;      -2.500,00;Promet;00001;;001;    1,00000000;           0,00;       2.500,00;      -2.500,00;;; 3.07.2020;;######;  5; 3.07.2020
3;103;13.10.2020;4650;Troškovi platnog prometa;IZV;045;;20.07.2020;;;         132,30;           0,00;         132,30;NAPLATA NAKNADE PO RAÈUNU OD 30.06.2020;00001;;001;    1,00000000;         132,30;           0,00;         132,30;;;20.07.2020;;######;  5;20.07.2020
3;104;13.10.2020;1000;ERSTE Žiro raèun u platnom zavodu;IZV;045;;20.07.2020;;;           0,00;         132,30;        -132,30;Promet;00001;;001;    1,00000000;           0,00;         132,30;        -132,30;;;20.07.2020;;######;  5;20.07.2020
3;105;13.10.2020;1200;Potraživanja od kupaca za prodana dobra;IZV;046;;21.07.2020;000118;Petar Kajiæ;           0,00;         375,00;        -375,00;uplata 25 %  po zavrsetku posla;00001;;001;    1,00000000;           0,00;         375,00;        -375,00;;;21.07.2020;;######;  5;21.07.2020
3;106;13.10.2020;1000;ERSTE Žiro raèun u platnom zavodu;IZV;046;;21.07.2020;;;         375,00;           0,00;         375,00;Promet;00001;;001;    1,00000000;         375,00;           0,00;         375,00;;;21.07.2020;;######;  5;21.07.2020
3;107;13.10.2020;1200;Potraživanja od kupaca za prodana dobra;IZV;047;;23.07.2020;000118;Petar Kajiæ;           0,00;         375,00;        -375,00;uplata 25 %  po zavrsetku posla;00001;;001;    1,00000000;           0,00;         375,00;        -375,00;;;23.07.2020;;######;  5;23.07.2020
3;108;13.10.2020;1200;Potraživanja od kupaca za prodana dobra;IZV;047;;23.07.2020;000118;Petar Kajiæ;           0,00;       2.150,00;      -2.150,00;uplata 50 % po zavrsetku posla;00001;;001;    1,00000000;           0,00;       2.150,00;      -2.150,00;;;23.07.2020;;######;  5;23.07.2020
3;109;13.10.2020;1000;ERSTE Žiro raèun u platnom zavodu;IZV;047;;23.07.2020;;;       2.525,00;           0,00;       2.525,00;Promet;00001;;001;    1,00000000;       2.525,00;           0,00;       2.525,00;;;23.07.2020;;######;  5;23.07.2020
3;110;13.10.2020;1200;Potraživanja od kupaca za prodana dobra;IZV;048;4409117-101; 3.08.2020;000101;Geo optima d.o.o.;           0,00;       3.750,42;           0,00;Izl.rn. 16/VAS/6;00001;;001;    1,00000000;           0,00;       3.750,42;           0,00;;; 3.08.2020;;######;  5; 3.08.2020
3;111;13.10.2020;1200;Potraživanja od kupaca za prodana dobra;IZV;048;4409116-101; 3.08.2020;000101;Geo optima d.o.o.;           0,00;       1.000,00;           0,00;Izl.rn. 15/VAS/6;00001;;001;    1,00000000;           0,00;       1.000,00;           0,00;;; 3.08.2020;;######;  5; 3.08.2020
3;112;13.10.2020;1000;ERSTE Žiro raèun u platnom zavodu;IZV;048;; 3.08.2020;;;       4.750,42;           0,00;       4.750,42;Promet;00001;;001;    1,00000000;       4.750,42;           0,00;       4.750,42;;; 3.08.2020;;######;  5; 3.08.2020
3;113;13.10.2020;2200;Dobavljaèi zaliha;IZV;049;; 6.08.2020;000114;OBAI D.O.O.;       2.000,00;           0,00;      -2.000,00;Izlazni raèun 54-01-91 od 30.07.202;00001;;001;    1,00000000;       2.000,00;           0,00;      -2.000,00;;; 6.08.2020;;######;  5; 6.08.2020
3;114;13.10.2020;1000;ERSTE Žiro raèun u platnom zavodu;IZV;049;; 6.08.2020;;;           0,00;       2.000,00;      -2.000,00;Promet;00001;;001;    1,00000000;           0,00;       2.000,00;      -2.000,00;;; 6.08.2020;;######;  5; 6.08.2020
3;115;13.10.2020;2300;Obveze za neto plaæe i nadoknade;IZV;050;;12.08.2020;;;       4.545,83;           0,00;       4.545,83;PLAÆA 7-2020;00001;;001;    1,00000000;       4.545,83;           0,00;       4.545,83;;;12.08.2020;;######;  5;12.08.2020
3;116;13.10.2020;2421;Doprinos za MIO II;IZV;050;;12.08.2020;;;         284,12;           0,00;         284,12;Doprinos za MIO - II stup PLAÆA 7-2020;00001;;001;    1,00000000;         284,12;           0,00;         284,12;;;12.08.2020;;######;  5;12.08.2020
3;117;13.10.2020;2420;Doprinos za MIO I;IZV;050;;12.08.2020;;;         852,35;           0,00;         852,35;Doprinos za MIO - I stup PLAÆA 7-2020;00001;;001;    1,00000000;         852,35;           0,00;         852,35;;;12.08.2020;;######;  5;12.08.2020
3;118;13.10.2020;2423;Doprinos za zdravstveno osiguranje;IZV;050;;12.08.2020;;;         937,58;           0,00;         937,58;Doprinos za zdravstveno osiguranje PLAÆA 7-2020;00001;;001;    1,00000000;         937,58;           0,00;         937,58;;;12.08.2020;;######;  5;12.08.2020
3;119;13.10.2020;1000;ERSTE Žiro raèun u platnom zavodu;IZV;050;;12.08.2020;;;           0,00;       6.619,88;      -6.619,88;Promet;00001;;001;    1,00000000;           0,00;       6.619,88;      -6.619,88;;;12.08.2020;;######;  5;12.08.2020
3;120;13.10.2020;4650;Troškovi platnog prometa;IZV;051;;20.08.2020;;;         141,40;           0,00;         141,40;NAPLATA NAKNADE PO RAÈUNU OD 31.07.2020;00001;;001;    1,00000000;         141,40;           0,00;         141,40;;;20.08.2020;;######;  5;20.08.2020
3;121;13.10.2020;1000;ERSTE Žiro raèun u platnom zavodu;IZV;051;;20.08.2020;;;           0,00;         141,40;        -141,40;Promet;00001;;001;    1,00000000;           0,00;         141,40;        -141,40;;;20.08.2020;;######;  5;20.08.2020
3;122;13.10.2020;2200;Dobavljaèi zaliha;IZV;054;; 3.09.2020;000114;OBAI D.O.O.;       2.000,00;           0,00;      -2.000,00;PLAÆANJE RAÈUNA;00001;;001;    1,00000000;       2.000,00;           0,00;      -2.000,00;;; 3.09.2020;;######;  5; 3.09.2020
3;123;13.10.2020;1200;Potraživanja od kupaca za prodana dobra;IZV;054;4409121-101; 3.09.2020;000101;Geo optima d.o.o.;           0,00;       2.114,78;           0,00;Izl.rn. 20/VAS/6;00001;;001;    1,00000000;           0,00;       2.114,78;           0,00;;; 3.09.2020;;######;  5; 3.09.2020
3;124;13.10.2020;1000;ERSTE Žiro raèun u platnom zavodu;IZV;054;; 3.09.2020;;;       2.114,78;       2.000,00;         114,78;Promet;00001;;001;    1,00000000;       2.114,78;       2.000,00;         114,78;;; 3.09.2020;;######;  5; 3.09.2020
3;125;13.10.2020;2420;Doprinos za MIO I;IZV;055;; 8.09.2020;;;         852,35;           0,00;         852,35;PLAÆA 8/2020;00001;;001;    1,00000000;         852,35;           0,00;         852,35;;; 8.09.2020;;######;  5; 8.09.2020
3;126;13.10.2020;2300;Obveze za neto plaæe i nadoknade;IZV;055;; 8.09.2020;;;       4.545,83;           0,00;       4.545,83;plaæa;00001;;001;    1,00000000;       4.545,83;           0,00;       4.545,83;;; 8.09.2020;;######;  5; 8.09.2020
3;127;13.10.2020;2423;Doprinos za zdravstveno osiguranje;IZV;055;; 8.09.2020;;;         937,58;           0,00;         937,58;PLAÆA 8/2020;00001;;001;    1,00000000;         937,58;           0,00;         937,58;;; 8.09.2020;;######;  5; 8.09.2020
3;128;13.10.2020;2421;Doprinos za MIO II;IZV;055;; 8.09.2020;;;         284,12;           0,00;         284,12;PLAÆA 8/2020;00001;;001;    1,00000000;         284,12;           0,00;         284,12;;; 8.09.2020;;######;  5; 8.09.2020
3;129;13.10.2020;1000;ERSTE Žiro raèun u platnom zavodu;IZV;055;; 8.09.2020;;;           0,00;       6.619,88;      -6.619,88;Promet;00001;;001;    1,00000000;           0,00;       6.619,88;      -6.619,88;;; 8.09.2020;;######;  5; 8.09.2020
3;130;14.10.2020;4650;Troškovi platnog prometa;IZV;056;;20.09.2020;;;         133,30;           0,00;         133,30;NAPLATA NAKNADE PO RAÈUNU OD 31.08.2020;00001;;001;    1,00000000;         133,30;           0,00;         133,30;;;20.09.2020;;######;  5;20.09.2020
3;131;14.10.2020;1000;ERSTE Žiro raèun u platnom zavodu;IZV;056;;20.09.2020;;;           0,00;         133,30;        -133,30;Promet;00001;;001;    1,00000000;           0,00;         133,30;        -133,30;;;20.09.2020;;######;  5;20.09.2020
3;132;14.10.2020;7860;Prihodi od državnih potpora za pokriæe troškova;IZV;057;; 9.10.2020;;;           0,00;       1.700,00;      -1.700,00;0023526106 pl.mjere EU-ESF ug.60698-20;00001;;001;    1,00000000;           0,00;       1.700,00;      -1.700,00;;; 9.10.2020;;######;  5; 9.10.2020
3;133;14.10.2020;7860;Prihodi od državnih potpora za pokriæe troškova;IZV;057;; 9.10.2020;;;           0,00;         300,00;        -300,00;0023526107 pl.mjere EU-NAC ug.60698-20;00001;;001;    1,00000000;           0,00;         300,00;        -300,00;;; 9.10.2020;;######;  5; 9.10.2020
3;134;14.10.2020;1000;ERSTE Žiro raèun u platnom zavodu;IZV;057;; 9.10.2020;;;       2.000,00;           0,00;       2.000,00;Promet;00001;;001;    1,00000000;       2.000,00;           0,00;       2.000,00;;; 9.10.2020;;######;  5; 9.10.2020
3;135;14.10.2020;2200;Dobavljaèi zaliha;IZV;058;;12.10.2020;000114;OBAI D.O.O.;       2.000,00;           0,00;      -2.000,00;PLAÆANJE RAÈUNA;00001;;001;    1,00000000;       2.000,00;           0,00;      -2.000,00;;;12.10.2020;;######;  5;12.10.2020
3;136;14.10.2020;1000;ERSTE Žiro raèun u platnom zavodu;IZV;058;;12.10.2020;;;           0,00;       2.000,00;      -2.000,00;Promet;00001;;001;    1,00000000;           0,00;       2.000,00;      -2.000,00;;;12.10.2020;;######;  5;12.10.2020
3;137;14.10.2020;4650;Troškovi platnog prometa;IZV;016;;10.03.2020;;;         143,00;           0,00;         143,00;NAPLATA NAKNADE PO RAÈUNU OD 29.02.2020;00001;;001;    1,00000000;         143,00;           0,00;         143,00;;;10.03.2020;;######;  5;10.03.2020
3;138;14.10.2020;1000;ERSTE Žiro raèun u platnom zavodu;IZV;016;;10.03.2020;;;           0,00;         143,00;        -143,00;Promet;00001;;001;    1,00000000;           0,00;         143,00;        -143,00;;;10.03.2020;;######;  5;10.03.2020
3;139;14.10.2020;1200;Potraživanja od kupaca za prodana dobra;IZV;022;;15.04.2020;000118;Petar Kajiæ;           0,00;       1.750,00;      -1.750,00;Uplata 50% avansno za ponudu br. 14-04-20/2;00001;;001;    1,00000000;           0,00;       1.750,00;      -1.750,00;;;15.04.2020;;######;  5;15.04.2020
3;140;14.10.2020;1000;ERSTE Žiro raèun u platnom zavodu;IZV;022;;15.04.2020;;;       1.750,00;           0,00;       1.750,00;Promet;00001;;001;    1,00000000;       1.750,00;           0,00;       1.750,00;;;15.04.2020;;######;  5;15.04.2020
3;141;14.10.2020;1200;Potraživanja od kupaca za prodana dobra;IZV;024;;22.04.2020;000119;Zdravko Šimek;           0,00;         200,00;        -200,00;Zdravko Šimek - naknada za kopiju dokumentacije, P;00001;;001;    1,00000000;           0,00;         200,00;        -200,00;;;22.04.2020;;######;  5;22.04.2020
3;142;14.10.2020;1000;ERSTE Žiro raèun u platnom zavodu;IZV;024;;22.04.2020;;;         200,00;           0,00;         200,00;Promet;00001;;001;    1,00000000;         200,00;           0,00;         200,00;;;22.04.2020;;######;  5;22.04.2020
3;143;14.10.2020;1226;Ostala kratkoroèna potraživanja od povezanih poduzetnika;IZV;027;;29.04.2020;;;           0,00;       5.000,00;      -5.000,00;Vraèanje posudbe;00001;;001;    1,00000000;           0,00;       5.000,00;      -5.000,00;;;29.04.2020;;######;  5;29.04.2020
3;144;14.10.2020;2300;Obveze za neto plaæe i nadoknade;IZV;027;;29.04.2020;;;       4.545,84;           0,00;       4.545,84;Plaæa;00001;;001;    1,00000000;       4.545,84;           0,00;       4.545,84;;;29.04.2020;;######;  5;29.04.2020
3;145;14.10.2020;1000;ERSTE Žiro raèun u platnom zavodu;IZV;027;;29.04.2020;;;       5.000,00;       4.545,84;         454,16;Promet;00001;;001;    1,00000000;       5.000,00;       4.545,84;         454,16;;;29.04.2020;;######;  5;29.04.2020
3;146;14.10.2020;4650;Troškovi platnog prometa;IZV;029;; 1.05.2020;;;        -144,20;           0,00;        -144,20;Povrat više uplaæenih sredstava po uplati od 27.04;00001;;001;    1,00000000;        -144,20;           0,00;        -144,20;;; 1.05.2020;;######;  5; 1.05.2020
3;147;14.10.2020;1000;ERSTE Žiro raèun u platnom zavodu;IZV;029;; 1.05.2020;;;         144,20;           0,00;         144,20;Povrat više uplaæenih sredstava po uplati od 27.04;00001;;001;    1,00000000;         144,20;           0,00;         144,20;;; 1.05.2020;;######;  5; 1.05.2020
3;148;14.10.2020;4650;Troškovi platnog prometa;IZV;032;;20.05.2020;;;         133,70;           0,00;         133,70;NAPLATA NAKNADE PO RAÈUNU OD 30.04.2020;00001;;001;    1,00000000;         133,70;           0,00;         133,70;;;20.05.2020;;######;  5;20.05.2020
3;149;14.10.2020;7761;Prihodi od ugovorenih i naplaæenih penala zbog neizvršenja roka u isporuci;IZV;032;;20.05.2020;;;           0,00;       4.000,00;      -4.000,00;0022897671 pl.mjere ug.23353-20;00001;;001;    1,00000000;           0,00;       4.000,00;      -4.000,00;;;20.05.2020;;######;  5;20.05.2020
3;150;14.10.2020;1000;ERSTE Žiro raèun u platnom zavodu;IZV;032;;20.05.2020;;;       4.000,00;         133,70;       3.866,30;Promet;00001;;001;    1,00000000;       4.000,00;         133,70;       3.866,30;;;20.05.2020;;######;  5;20.05.2020
3;151;15.10.2020;1200;Potraživanja od kupaca za prodana dobra;IZV;034;;28.05.2020;000105;Saša Predovan;           0,00;         200,00;        -200,00;dokumentacija;00001;;001;    1,00000000;           0,00;         200,00;        -200,00;;;28.05.2020;;######;  5;28.05.2020
3;152;15.10.2020;1000;ERSTE Žiro raèun u platnom zavodu;IZV;034;;28.05.2020;;;         200,00;           0,00;         200,00;Promet;00001;;001;    1,00000000;         200,00;           0,00;         200,00;;;28.05.2020;;######;  5;28.05.2020
3;153;15.10.2020;4692;Sudki troškovi i pristojbe;IZV;035;; 1.06.2020;;;          70,00;           0,00;          70,00;Uplata upravne pristojbe za predmet Bošnjak;00001;;001;    1,00000000;          70,00;           0,00;          70,00;;; 1.06.2020;;######;  5; 1.06.2020
3;154;15.10.2020;1000;ERSTE Žiro raèun u platnom zavodu;IZV;035;; 1.06.2020;;;           0,00;          70,00;         -70,00;Promet;00001;;001;    1,00000000;           0,00;          70,00;         -70,00;;; 1.06.2020;;######;  5; 1.06.2020
3;155;15.10.2020;1200;Potraživanja od kupaca za prodana dobra;IZV;043;; 6.07.2020;000118;Petar Kajiæ;           0,00;       2.150,00;      -2.150,00;uplata 50 % avansno po prihvaæanjuponude;00001;;001;    1,00000000;           0,00;       2.150,00;      -2.150,00;;; 6.07.2020;;######;  5; 6.07.2020
3;156;15.10.2020;1200;Potraživanja od kupaca za prodana dobra;IZV;043;; 6.07.2020;000107;Ljubica Èilèek;           0,00;         400,00;        -400,00;plaæanje;00001;;001;    1,00000000;           0,00;         400,00;        -400,00;;; 6.07.2020;;######;  5; 6.07.2020
3;157;15.10.2020;1000;ERSTE Žiro raèun u platnom zavodu;IZV;043;; 6.07.2020;;;       2.550,00;           0,00;       2.550,00;Promet;00001;;001;    1,00000000;       2.550,00;           0,00;       2.550,00;;; 6.07.2020;;######;  5; 6.07.2020
3;158;15.10.2020;2421;Doprinos za MIO II;IZV;044;;15.07.2020;;;          81,68;           0,00;          81,68;Doprinos za MIO - II stup PLAÆA 6-2020;00001;;001;    1,00000000;          81,68;           0,00;          81,68;;;15.07.2020;;######;  5;15.07.2020
3;159;15.10.2020;2420;Doprinos za MIO I;IZV;044;;15.07.2020;;;         245,09;           0,00;         245,09;Doprinos za MIO - I stup PLAÆA 6-2020;00001;;001;    1,00000000;         245,09;           0,00;         245,09;;;15.07.2020;;######;  5;15.07.2020
3;160;15.10.2020;2423;Doprinos za zdravstveno osiguranje;IZV;044;;15.07.2020;;;         265,61;           0,00;         265,61;Doprinos za zdravstveno osiguranje PLAÆA 6-2020;00001;;001;    1,00000000;         265,61;           0,00;         265,61;;;15.07.2020;;######;  5;15.07.2020
3;161;15.10.2020;2421;Doprinos za MIO II;IZV;044;;15.07.2020;;;         284,12;           0,00;         284,12;Doprinos za MIO - II stup PLAÆA 6-2020;00001;;001;    1,00000000;         284,12;           0,00;         284,12;;;15.07.2020;;######;  5;15.07.2020
3;162;15.10.2020;2420;Doprinos za MIO I;IZV;044;;15.07.2020;;;         852,35;           0,00;         852,35;Doprinos za MIO - I stup PLAÆA 6-2020;00001;;001;    1,00000000;         852,35;           0,00;         852,35;;;15.07.2020;;######;  5;15.07.2020
3;163;15.10.2020;2423;Doprinos za zdravstveno osiguranje;IZV;044;;15.07.2020;;;         937,58;           0,00;         937,58;Doprinos za zdravstveno osiguranje PLAÆA 6-2020;00001;;001;    1,00000000;         937,58;           0,00;         937,58;;;15.07.2020;;######;  5;15.07.2020
3;164;15.10.2020;2300;Obveze za neto plaæe i nadoknade;IZV;044;;15.07.2020;;;       4.545,83;           0,00;       4.545,83;PLAÆA 6-2020;00001;;001;    1,00000000;       4.545,83;           0,00;       4.545,83;;;15.07.2020;;######;  5;15.07.2020
3;165;15.10.2020;1000;ERSTE Žiro raèun u platnom zavodu;IZV;044;;15.07.2020;;;           0,00;       7.212,26;      -7.212,26;Promet;00001;;001;    1,00000000;           0,00;       7.212,26;      -7.212,26;;;15.07.2020;;######;  5;15.07.2020
3;166;15.10.2020;1200;Potraživanja od kupaca za prodana dobra;IZV;052;;25.08.2020;000110;Ivan Buiæ;           0,00;         400,00;        -400,00;PLAÆANJE RAÈUNA;00001;;001;    1,00000000;           0,00;         400,00;        -400,00;;;25.08.2020;;######;  5;25.08.2020
3;167;15.10.2020;1000;ERSTE Žiro raèun u platnom zavodu;IZV;052;;25.08.2020;;;         400,00;           0,00;         400,00;Promet;00001;;001;    1,00000000;         400,00;           0,00;         400,00;;;25.08.2020;;######;  5;25.08.2020
3;168;15.10.2020;1200;Potraživanja od kupaca za prodana dobra;IZV;053;4409120-101;27.08.2020;000101;Geo optima d.o.o.;           0,00;       3.188,60;           0,00;Izl.rn. 19/VAS/6;00001;;001;    1,00000000;           0,00;       3.188,60;           0,00;;;27.08.2020;;######;  5;27.08.2020
3;169;15.10.2020;1000;ERSTE Žiro raèun u platnom zavodu;IZV;053;;27.08.2020;;;       3.188,60;           0,00;       3.188,60;Promet;00001;;001;    1,00000000;       3.188,60;           0,00;       3.188,60;;;27.08.2020;;######;  5;27.08.2020
3;170;15.10.2020;1226;Ostala kratkoroèna potraživanja od povezanih poduzetnika;IZV;059;;14.10.2020;;;           0,00;       5.000,00;      -5.000,00;povrat pozajmice;00001;;001;    1,00000000;           0,00;       5.000,00;      -5.000,00;;;14.10.2020;;######;  5;14.10.2020
3;171;15.10.2020;1200;Potraživanja od kupaca za prodana dobra;IZV;059;4409122-101;14.10.2020;000101;Geo optima d.o.o.;           0,00;       1.380,00;           0,00;Izl.rn. 21/VAS/6;00001;;001;    1,00000000;           0,00;       1.380,00;           0,00;;;14.10.2020;;######;  5;14.10.2020
3;172;15.10.2020;1200;Potraživanja od kupaca za prodana dobra;IZV;059;4409123-101;14.10.2020;000101;Geo optima d.o.o.;           0,00;       2.720,73;           0,00;Izl.rn. 22/VAS/6;00001;;001;    1,00000000;           0,00;       2.720,73;           0,00;;;14.10.2020;;######;  5;14.10.2020
3;173;15.10.2020;1000;ERSTE Žiro raèun u platnom zavodu;IZV;059;;14.10.2020;;;       9.100,73;           0,00;       9.100,73;Promet;00001;;001;    1,00000000;       9.100,73;           0,00;       9.100,73;;;14.10.2020;;######;  5;14.10.2020
3;174;29.10.2020;1226;Ostala kratkoroèna potraživanja od povezanih poduzetnika;IZV;060;;15.10.2020;;;           0,00;       5.500,00;      -5.500,00;POZAJMICA;00001;;001;    1,00000000;           0,00;       5.500,00;      -5.500,00;;;15.10.2020;;######;  5;15.10.2020
3;175;29.10.2020;2423;Doprinos za zdravstveno osiguranje;IZV;060;;15.10.2020;;;         937,58;           0,00;         937,58;Doprinos za zdravstveno osiguranje;00001;;001;    1,00000000;         937,58;           0,00;         937,58;;;15.10.2020;;######;  5;15.10.2020
3;176;29.10.2020;2421;Doprinos za MIO II;IZV;060;;15.10.2020;;;         284,12;           0,00;         284,12;Doprinos za MIO - II stup plaæa 9-2;00001;;001;    1,00000000;         284,12;           0,00;         284,12;;;15.10.2020;;######;  5;15.10.2020
3;177;29.10.2020;2420;Doprinos za MIO I;IZV;060;;15.10.2020;;;         852,35;           0,00;         852,35;Doprinos za MIO - I stup plaæa 9-20;00001;;001;    1,00000000;         852,35;           0,00;         852,35;;;15.10.2020;;######;  5;15.10.2020
3;178;29.10.2020;2300;Obveze za neto plaæe i nadoknade;IZV;060;;15.10.2020;;;       4.545,83;           0,00;       4.545,83;plaæa 9-2020;00001;;001;    1,00000000;       4.545,83;           0,00;       4.545,83;;;15.10.2020;;######;  5;15.10.2020
3;179;29.10.2020;1000;ERSTE Žiro raèun u platnom zavodu;IZV;060;;15.10.2020;;;       5.500,00;       6.619,88;      -1.119,88;Promet;00001;;001;    1,00000000;       5.500,00;       6.619,88;      -1.119,88;;;15.10.2020;;######;  5;15.10.2020
3;180;29.10.2020;4650;Troškovi platnog prometa;IZV;061;;20.10.2020;;;         132,10;           0,00;         132,10;NAPLATA NAKNADE PO RAÈUNU OD 30.09.2020;00001;;001;    1,00000000;         132,10;           0,00;         132,10;;;20.10.2020;;######;  5;20.10.2020
3;181;29.10.2020;1200;Potraživanja od kupaca za prodana dobra;IZV;061;;20.10.2020;000165;ERNA KAMENIÆ EGREDŽIJA;           0,00;         500,00;        -500,00;Leonard Kameniæ-Izjava o ispunjavanju bitnog zahtj;00001;;001;    1,00000000;           0,00;         500,00;        -500,00;;;20.10.2020;;######;  5;20.10.2020
3;182;29.10.2020;1000;ERSTE Žiro raèun u platnom zavodu;IZV;061;;20.10.2020;;;         500,00;         132,10;         367,90;Promet;00001;;001;    1,00000000;         500,00;         132,10;         367,90;;;20.10.2020;;######;  5;20.10.2020
3;183;29.10.2020;1200;Potraživanja od kupaca za prodana dobra;IZV;062;;22.10.2020;000166;MARIJA KRUNIÆ;           0,00;         400,00;        -400,00;usluga izvedenog stanja 5 puta;00001;;001;    1,00000000;           0,00;         400,00;        -400,00;;;22.10.2020;;######;  5;22.10.2020
3;184;29.10.2020;1000;ERSTE Žiro raèun u platnom zavodu;IZV;062;;22.10.2020;;;         400,00;           0,00;         400,00;Promet;00001;;001;    1,00000000;         400,00;           0,00;         400,00;;;22.10.2020;;######;  5;22.10.2020
3;185;29.10.2020;1200;Potraživanja od kupaca za prodana dobra;IZV;063;;23.10.2020;000167;NIKOLINA ŠTEFKOVIÆ;           0,00;       3.000,00;      -3.000,00;Placanje racuna;00001;;001;    1,00000000;           0,00;       3.000,00;      -3.000,00;;;23.10.2020;;######;  5;23.10.2020
3;186;29.10.2020;1226;Ostala kratkoroèna potraživanja od povezanih poduzetnika;IZV;063;;23.10.2020;;;      11.000,00;           0,00;      11.000,00;Povrat pozajmice;00001;;001;    1,00000000;      11.000,00;           0,00;      11.000,00;;;23.10.2020;;######;  5;23.10.2020
3;187;29.10.2020;1000;ERSTE Žiro raèun u platnom zavodu;IZV;063;;23.10.2020;;;       3.000,00;      11.000,00;      -8.000,00;Promet;00001;;001;    1,00000000;       3.000,00;      11.000,00;      -8.000,00;;;23.10.2020;;######;  5;23.10.2020
3;188;29.10.2020;1200;Potraživanja od kupaca za prodana dobra;IZV;064;;26.10.2020;000165;ERNA KAMENIÆ EGREDŽIJA;           0,00;         500,00;        -500,00;Izjava o stabilnosti bitnog zahtjeva mehanièke otp;00001;;001;    1,00000000;           0,00;         500,00;        -500,00;;;26.10.2020;;######;  5;26.10.2020
3;189;29.10.2020;1000;ERSTE Žiro raèun u platnom zavodu;IZV;064;;26.10.2020;;;         500,00;           0,00;         500,00;Promet;00001;;001;    1,00000000;         500,00;           0,00;         500,00;;;26.10.2020;;;;26.10.2020
3;190; 3.11.2020;1226;Ostala kratkoroèna potraživanja od povezanih poduzetnika;IZV;065;;29.10.2020;;;       1.000,00;           0,00;       1.000,00;Vracanje pozajmice;00001;;001;    1,00000000;       1.000,00;           0,00;       1.000,00;;;29.10.2020;;######;  5;29.10.2020
3;191; 3.11.2020;1000;ERSTE Žiro raèun u platnom zavodu;IZV;065;;29.10.2020;;;           0,00;       1.000,00;      -1.000,00;Promet;00001;;001;    1,00000000;           0,00;       1.000,00;      -1.000,00;;;29.10.2020;;######;  5;29.10.2020
3;192; 3.11.2020;1226;Ostala kratkoroèna potraživanja od povezanih poduzetnika;IZV;066;; 2.11.2020;;;           0,00;       1.000,00;      -1.000,00;Vraèanje posudbe;00001;;001;    1,00000000;           0,00;       1.000,00;      -1.000,00;;; 2.11.2020;;######;  5; 2.11.2020
3;193; 3.11.2020;2134;Obveze za zajmove prema graðanima ili vlasnicima;IZV;066;; 2.11.2020;;;       1.000,00;           0,00;       1.000,00;Vracanje posudbe vlasniku tvrtke;00001;;001;    1,00000000;       1.000,00;           0,00;       1.000,00;;; 2.11.2020;;######;  5; 2.11.2020
3;194; 3.11.2020;2134;Obveze za zajmove prema graðanima ili vlasnicima;IZV;066;; 2.11.2020;;;       1.000,00;           0,00;       1.000,00;Vracanje posudbe vlasniku tvrtke;00001;;001;    1,00000000;       1.000,00;           0,00;       1.000,00;;; 2.11.2020;;######;  5; 2.11.2020
3;195; 3.11.2020;1000;ERSTE Žiro raèun u platnom zavodu;IZV;066;; 2.11.2020;;;       1.000,00;       2.000,00;      -1.000,00;Promet;00001;;001;    1,00000000;       1.000,00;       2.000,00;      -1.000,00;;; 2.11.2020;;######;  5; 2.11.2020
